id1,group,id3
GroEL_3300006810_____Ga0070754_10001495_19,KS_soil,KS_soil
GroEL_3300001346_____JGI20151J14362_10000028_29,KS_soil,KS_soil
GroEL_3300006752_____Ga0098048_1001092_16,KS_soil,KS_soil
GroEL_3300003789_____Ga0007835_1000217_3,KS_soil,KS_soil
GroEL_3300006793_____Ga0098055_1002736_4,KS_soil,KS_soil
GroEL_3300007231_____Ga0075469_10002609_8,KS_soil,KS_soil
GroEL_3300007538_____Ga0099851_1000232_10,KS_soil,KS_soil
GroEL_3300024495_____Ga0255164_1000016_49,KS_soil,KS_soil
GroEL_3300005909_____Ga0075112_1000608_15,KS_soil,KS_soil
GroEL_3300006317_____Ga0099674_100015_74,KS_soil,KS_soil
GroEL_3300001960_____GOS2230_1016472_5,KS_soil,KS_soil
GroEL_3300005917_____Ga0075115_10000203_7,KS_soil,KS_soil
GroEL_3300007100_____Ga0102544_100158_51,KS_soil,KS_soil
GroEL_3300008075_____Ga0114853_100001_36,KS_soil,KS_soil
GroEL_3300009000_____Ga0102960_1000004_60,KS_soil,KS_soil
GroEL_3300017952_____Ga0181583_10006658_6,KS_soil,KS_soil
GroEL_3300017986_____Ga0181569_10000497_6,KS_soil,KS_soil
GroEL_3300020261_____Ga0211534_1000060_3,KS_soil,KS_soil
GroEL_3300020316_____Ga0211487_1000010_51,KS_soil,KS_soil
GroEL_3300020366_____Ga0211489_10000316_9,KS_soil,KS_soil
GroEL_REF_650627002_____650627063_292,KS_soil,KS_soil
GroEL_3300001347_____JGI20156J14371_10001340_3,KS_soil,KS_soil
GroEL_3300001349_____JGI20160J14292_10006197_11,KS_soil,KS_soil
GroEL_3300001352_____JGI20157J14317_10000496_13,KS_soil,KS_soil
GroEL_3300002404_____B570J29591_1000009_26,KS_soil,KS_soil
GroEL_3300002408_____B570J29032_109959616_36,KS_soil,KS_soil
GroEL_3300003411_____JGI25911J50253_10001077_17,KS_soil,KS_soil
GroEL_3300005913_____Ga0075108_10000182_49,KS_soil,KS_soil
GroEL_3300005915_____Ga0075122_10001826_14,KS_soil,KS_soil
GroEL_3300006071_____Ga0007876_1000028_19,KS_soil,KS_soil
GroEL_3300006114_____Ga0007815_1000045_50,KS_soil,KS_soil
GroEL_3300006164_____Ga0075441_10001668_9,KS_soil,KS_soil
GroEL_3300006457_____Ga0100214_100316_20,KS_soil,KS_soil
GroEL_3300006545_____Ga0101078_100009_60,KS_soil,KS_soil
GroEL_3300006735_____Ga0098038_1002179_4,KS_soil,KS_soil
GroEL_3300006749_____Ga0098042_1003256_1,KS_soil,KS_soil
GroEL_3300006789_____Ga0098054_1000494_12,KS_soil,KS_soil
GroEL_3300006793_____Ga0098055_1005587_4,KS_soil,KS_soil
GroEL_3300006867_____Ga0075476_10000169_7,KS_soil,KS_soil
GroEL_3300006868_____Ga0075481_10000745_17,KS_soil,KS_soil
GroEL_3300007925_____Ga0113553_100216_29,KS_soil,KS_soil
GroEL_3300008271_____Ga0111085_100057_79,KS_soil,KS_soil
GroEL_3300008679_____Ga0115430_1000005_125,KS_soil,KS_soil
GroEL_3300009151_____Ga0114962_10002801_14,KS_soil,KS_soil
GroEL_3300009154_____Ga0114963_10000032_92,KS_soil,KS_soil
GroEL_3300009155_____Ga0114968_10000751_19,KS_soil,KS_soil
GroEL_3300010297_____Ga0129345_1002528_5,KS_soil,KS_soil
GroEL_3300011187_____Ga0136596_1000065_44,KS_soil,KS_soil
GroEL_3300012944_____Ga0137410_10000116_4,KS_soil,KS_soil
GroEL_3300013006_____Ga0164294_10000113_23,KS_soil,KS_soil
GroEL_3300013093_____Ga0164296_1000404_64,KS_soil,KS_soil
GroEL_3300013126_____Ga0172367_10001363_34,KS_soil,KS_soil
GroEL_3300013126_____Ga0172367_10002416_6,KS_soil,KS_soil
GroEL_3300017963_____Ga0180437_10001517_19,KS_soil,KS_soil
GroEL_3300020387_____Ga0211590_10000833_6,KS_soil,KS_soil
GroEL_REF_2706795120_____2706857223_382,KS_soil,KS_soil
GroEL_2065487001_____bke_il_soap_contig_6924_5,KS_soil,KS_soil
GroEL_3300000115_____DelMOSum2011_c10000458_30,KS_soil,KS_soil
GroEL_3300000115_____DelMOSum2011_c10001702_1,KS_soil,KS_soil
GroEL_3300000116_____DelMOSpr2010_c10001690_18,KS_soil,KS_soil
GroEL_3300000117_____DelMOWin2010_c10007090_7,KS_soil,KS_soil
GroEL_3300000736_____JGI12547J11936_1000001_48,KS_soil,KS_soil
GroEL_3300000970_____BBAY66_10000312_34,KS_soil,KS_soil
GroEL_3300001344_____JGI20152J14361_10003737_4,KS_soil,KS_soil
GroEL_3300001346_____JGI20151J14362_10000376_30,KS_soil,KS_soil
GroEL_3300001346_____JGI20151J14362_10002844_5,KS_soil,KS_soil
GroEL_3300001347_____JGI20156J14371_10002753_14,KS_soil,KS_soil
GroEL_3300001349_____JGI20160J14292_10000466_7,KS_soil,KS_soil
GroEL_3300001349_____JGI20160J14292_10001031_8,KS_soil,KS_soil
GroEL_3300001349_____JGI20160J14292_10003641_9,KS_soil,KS_soil
GroEL_3300001354_____JGI20155J14468_10001080_16,KS_soil,KS_soil
GroEL_3300001354_____JGI20155J14468_10001445_5,KS_soil,KS_soil
GroEL_3300001354_____JGI20155J14468_10007571_6,KS_soil,KS_soil
GroEL_3300001355_____JGI20158J14315_10000192_1,KS_soil,KS_soil
GroEL_3300001355_____JGI20158J14315_10001089_13,KS_soil,KS_soil
GroEL_3300001546_____JGI12659J15293_10000001_124,KS_soil,KS_soil
GroEL_3300001580_____Draft_10007066_4,KS_soil,KS_soil
GroEL_3300001605_____Draft_10000030_203,KS_soil,KS_soil
GroEL_3300001687_____WOR8_10000001_330,KS_soil,KS_soil
GroEL_3300001784_____JGI20225J20221_1000047_371,KS_soil,KS_soil
GroEL_3300002092_____JGI24218J26658_1000014_103,KS_soil,KS_soil
GroEL_3300002242_____KVWGV2_10006830_73,KS_soil,KS_soil
GroEL_3300002307_____JGI24890J29729_1000023_151,KS_soil,KS_soil
GroEL_3300002488_____JGI25128J35275_1001769_7,KS_soil,KS_soil
GroEL_3300002514_____JGI25133J35611_10006201_7,KS_soil,KS_soil
GroEL_3300002518_____JGI25134J35505_10000157_19,KS_soil,KS_soil
GroEL_3300002546_____JGI25318J35512_1000112_6,KS_soil,KS_soil
GroEL_3300002702_____draft_10479153_6,KS_soil,KS_soil
GroEL_3300002835_____B570J40625_100000882_54,KS_soil,KS_soil
GroEL_3300002933_____G310J44882_10000131_4,KS_soil,KS_soil
GroEL_3300003277_____JGI25908J49247_10001276_1,KS_soil,KS_soil
GroEL_3300003346_____JGI26081J50195_1000183_21,KS_soil,KS_soil
GroEL_3300003375_____JGI26470J50227_1000278_29,KS_soil,KS_soil
GroEL_3300003406_____JGI26538J50259_1000841_26,KS_soil,KS_soil
GroEL_3300003407_____JGI26536J50258_1000300_55,KS_soil,KS_soil
GroEL_3300003496_____JGI26241J51128_1002394_14,KS_soil,KS_soil
GroEL_3300003498_____JGI26239J51126_1001987_2,KS_soil,KS_soil
GroEL_3300004686_____Ga0065173_1000025_1,KS_soil,KS_soil
GroEL_3300005515_____Ga0077122_10002022_1,KS_soil,KS_soil
GroEL_3300005662_____Ga0078894_10000183_20,KS_soil,KS_soil
GroEL_3300005662_____Ga0078894_10000431_5,KS_soil,KS_soil
GroEL_3300005662_____Ga0078894_10000719_21,KS_soil,KS_soil
GroEL_3300005662_____Ga0078894_10001729_22,KS_soil,KS_soil
GroEL_3300005662_____Ga0078894_10004098_6,KS_soil,KS_soil
GroEL_3300005662_____Ga0078894_10004754_11,KS_soil,KS_soil
GroEL_3300005683_____Ga0074432_100782_34,KS_soil,KS_soil
GroEL_3300005805_____Ga0079957_1003669_2,KS_soil,KS_soil
GroEL_3300005912_____Ga0075109_1000397_28,KS_soil,KS_soil
GroEL_3300006104_____Ga0007882_10000097_1,KS_soil,KS_soil
GroEL_3300006109_____Ga0007870_1000103_29,KS_soil,KS_soil
GroEL_3300006164_____Ga0075441_10000480_22,KS_soil,KS_soil
GroEL_3300006191_____Ga0075447_10000002_8,KS_soil,KS_soil
GroEL_3300006301_____Ga0099617_100235_2,KS_soil,KS_soil
GroEL_3300006754_____Ga0098044_1001499_14,KS_soil,KS_soil
GroEL_3300006803_____Ga0075467_10000822_13,KS_soil,KS_soil
GroEL_3300006869_____Ga0075477_10003333_1,KS_soil,KS_soil
GroEL_3300006928_____Ga0098041_1001879_3,KS_soil,KS_soil
GroEL_3300006947_____Ga0075444_10006112_2,KS_soil,KS_soil
GroEL_3300007093_____Ga0104055_1000091_25,KS_soil,KS_soil
GroEL_3300007234_____Ga0075460_10000389_16,KS_soil,KS_soil
GroEL_3300007523_____Ga0105052_10006772_3,KS_soil,KS_soil
GroEL_3300007538_____Ga0099851_1001552_6,KS_soil,KS_soil
GroEL_3300007539_____Ga0099849_1000333_9,KS_soil,KS_soil
GroEL_3300007657_____Ga0105536_101390_1,KS_soil,KS_soil
GroEL_3300008012_____Ga0075480_10001398_15,KS_soil,KS_soil
GroEL_3300008620_____Ga0111272_100553_37,KS_soil,KS_soil
GroEL_3300008729_____Ga0113885_100002_21,KS_soil,KS_soil
GroEL_3300009151_____Ga0114962_10000230_5,KS_soil,KS_soil
GroEL_3300009154_____Ga0114963_10002970_1,KS_soil,KS_soil
GroEL_3300009159_____Ga0114978_10000604_10,KS_soil,KS_soil
GroEL_3300009159_____Ga0114978_10000674_25,KS_soil,KS_soil
GroEL_3300009159_____Ga0114978_10008423_6,KS_soil,KS_soil
GroEL_3300009160_____Ga0114981_10001313_22,KS_soil,KS_soil
GroEL_3300009161_____Ga0114966_10000323_2,KS_soil,KS_soil
GroEL_3300009163_____Ga0114970_10000186_42,KS_soil,KS_soil
GroEL_3300009163_____Ga0114970_10000688_20,KS_soil,KS_soil
GroEL_3300009164_____Ga0114975_10000164_31,KS_soil,KS_soil
GroEL_3300009181_____Ga0114969_10000108_49,KS_soil,KS_soil
GroEL_3300009181_____Ga0114969_10000181_5,KS_soil,KS_soil
GroEL_3300009181_____Ga0114969_10000332_25,KS_soil,KS_soil
GroEL_3300009181_____Ga0114969_10000662_36,KS_soil,KS_soil
GroEL_3300009182_____Ga0114959_10000535_38,KS_soil,KS_soil
GroEL_3300009182_____Ga0114959_10000919_4,KS_soil,KS_soil
GroEL_3300009182_____Ga0114959_10001610_10,KS_soil,KS_soil
GroEL_3300009183_____Ga0114974_10000126_42,KS_soil,KS_soil
GroEL_3300009183_____Ga0114974_10000317_45,KS_soil,KS_soil
GroEL_3300009183_____Ga0114974_10000730_12,KS_soil,KS_soil
GroEL_3300009183_____Ga0114974_10005058_8,KS_soil,KS_soil
GroEL_3300009184_____Ga0114976_10000420_28,KS_soil,KS_soil
GroEL_3300009184_____Ga0114976_10000876_21,KS_soil,KS_soil
GroEL_3300009185_____Ga0114971_10000078_38,KS_soil,KS_soil
GroEL_3300009185_____Ga0114971_10000124_2,KS_soil,KS_soil
GroEL_3300009185_____Ga0114971_10000436_29,KS_soil,KS_soil
GroEL_3300009425_____Ga0114997_10011500_7,KS_soil,KS_soil
GroEL_3300009432_____Ga0115005_10008717_11,KS_soil,KS_soil
GroEL_3300009434_____Ga0115562_1000480_38,KS_soil,KS_soil
GroEL_3300009434_____Ga0115562_1001045_2,KS_soil,KS_soil
GroEL_3300009434_____Ga0115562_1003537_10,KS_soil,KS_soil
GroEL_3300009436_____Ga0115008_10017536_8,KS_soil,KS_soil
GroEL_3300009443_____Ga0115557_1000652_23,KS_soil,KS_soil
GroEL_3300009467_____Ga0115565_10000645_6,KS_soil,KS_soil
GroEL_3300009472_____Ga0115554_1002954_4,KS_soil,KS_soil
GroEL_3300009498_____Ga0115568_10000032_14,KS_soil,KS_soil
GroEL_3300009498_____Ga0115568_10000665_40,KS_soil,KS_soil
GroEL_3300009498_____Ga0115568_10001356_22,KS_soil,KS_soil
GroEL_3300009544_____Ga0115006_10000287_1,KS_soil,KS_soil
GroEL_3300009593_____Ga0115011_10000215_57,KS_soil,KS_soil
GroEL_3300009684_____Ga0114958_10004268_8,KS_soil,KS_soil
GroEL_3300009702_____Ga0114931_10000040_81,KS_soil,KS_soil
GroEL_3300009705_____Ga0115000_10000454_34,KS_soil,KS_soil
GroEL_3300009705_____Ga0115000_10002769_9,KS_soil,KS_soil
GroEL_3300009705_____Ga0115000_10003721_14,KS_soil,KS_soil
GroEL_3300009710_____Ga0116192_1000050_76,KS_soil,KS_soil
GroEL_3300010157_____Ga0114964_10000248_37,KS_soil,KS_soil
GroEL_3300010158_____Ga0114960_10000441_8,KS_soil,KS_soil
GroEL_3300010158_____Ga0114960_10000573_3,KS_soil,KS_soil
GroEL_3300010158_____Ga0114960_10001038_7,KS_soil,KS_soil
GroEL_3300010158_____Ga0114960_10001171_21,KS_soil,KS_soil
GroEL_3300010160_____Ga0114967_10000179_26,KS_soil,KS_soil
GroEL_3300010160_____Ga0114967_10008069_12,KS_soil,KS_soil
GroEL_3300010334_____Ga0136644_10000209_23,KS_soil,KS_soil
GroEL_3300010334_____Ga0136644_10000341_3,KS_soil,KS_soil
GroEL_3300010334_____Ga0136644_10000457_20,KS_soil,KS_soil
GroEL_3300010334_____Ga0136644_10000656_8,KS_soil,KS_soil
GroEL_3300011972_____Ga0119788_1000100_37,KS_soil,KS_soil
GroEL_3300012038_____Ga0137431_1000114_34,KS_soil,KS_soil
GroEL_3300012920_____Ga0160423_10004678_17,KS_soil,KS_soil
GroEL_3300012936_____Ga0163109_10002649_20,KS_soil,KS_soil
GroEL_3300013005_____Ga0164292_10000928_6,KS_soil,KS_soil
GroEL_3300013093_____Ga0164296_1000012_37,KS_soil,KS_soil
GroEL_3300013093_____Ga0164296_1000456_9,KS_soil,KS_soil
GroEL_3300013126_____Ga0172367_10002954_13,KS_soil,KS_soil
GroEL_3300013126_____Ga0172367_10003472_12,KS_soil,KS_soil
GroEL_3300013131_____Ga0172373_10001120_15,KS_soil,KS_soil
GroEL_3300013131_____Ga0172373_10006839_1,KS_soil,KS_soil
GroEL_3300013131_____Ga0172373_10007593_6,KS_soil,KS_soil
GroEL_3300013132_____Ga0172372_10006552_3,KS_soil,KS_soil
GroEL_3300013426_____Ga0116649_1000015_153,KS_soil,KS_soil
GroEL_3300014050_____Ga0119952_1000493_2,KS_soil,KS_soil
GroEL_3300014205_____Ga0172380_10000135_159,KS_soil,KS_soil
GroEL_3300014208_____Ga0172379_10001057_48,KS_soil,KS_soil
GroEL_3300014818_____Ga0134300_1000390_41,KS_soil,KS_soil
GroEL_3300014819_____Ga0119954_1000052_15,KS_soil,KS_soil
GroEL_3300015203_____Ga0167650_1000051_10,KS_soil,KS_soil
GroEL_3300015214_____Ga0172382_10001227_31,KS_soil,KS_soil
GroEL_3300017958_____Ga0181582_10001742_16,KS_soil,KS_soil
GroEL_3300017967_____Ga0181590_10005110_10,KS_soil,KS_soil
GroEL_3300018080_____Ga0180433_10004577_18,KS_soil,KS_soil
GroEL_3300018080_____Ga0180433_10006029_9,KS_soil,KS_soil
GroEL_3300018428_____Ga0181568_10001576_12,KS_soil,KS_soil
GroEL_3300019708_____Ga0194016_1000002_2,KS_soil,KS_soil
GroEL_3300020039_____Ga0207352_1115_103,KS_soil,KS_soil
GroEL_3300020297_____Ga0211490_1001720_5,KS_soil,KS_soil
GroEL_3300020371_____Ga0211500_1000211_18,KS_soil,KS_soil
GroEL_3300020371_____Ga0211500_1001408_4,KS_soil,KS_soil
GroEL_3300020417_____Ga0211528_10000299_10,KS_soil,KS_soil
GroEL_3300020456_____Ga0211551_10000007_64,KS_soil,KS_soil
GroEL_3300020461_____Ga0211535_10000085_27,KS_soil,KS_soil
GroEL_3300021514_____Ga0190293_1000001_225,KS_soil,KS_soil
GroEL_3300022843_____Ga0222631_1000203_23,KS_soil,KS_soil
GroEL_3300022843_____Ga0222631_1000419_8,KS_soil,KS_soil
GroEL_3300027396_____Ga0255146_1000004_20,KS_soil,KS_soil
GroEL_3300027616_____Ga0209106_1000002_33,KS_soil,KS_soil
GroEL_3300028194_____Ga0257106_1000952_5,KS_soil,KS_soil
GroEL_7000000498_____SRS017521_Baylor_scaffold_47341_15,KS_soil,KS_soil
GroEL_7000000736_____SRS014235_WUGC_scaffold_37409_46,KS_soil,KS_soil
GroEL_REF_2556921279_____2556949965_3,KS_soil,KS_soil
GroEL_REF_2588253662_____2588266452_139,KS_soil,KS_soil
GroEL_REF_2724679938_____2724820510_90,KS_soil,KS_soil
GroEL_REF_Bacilli_gi_507028124_1766_63644_9,KS_soil,KS_soil
GroEL_REF_Gammaproteobacteria_gi_483431109_44,KS_soil,KS_soil
GroEL_REF_Negativicutes_gi_312899164_59,KS_soil,KS_soil
KU595540.1_prot_AQM32706.1_1,Marine_V,Marine_V
KU595539.1_prot_AQM32705.1_1,Marine_V,Marine_V
KU595538.1_prot_AQM32704.1_1,Marine_V,Marine_V
KU595537.1_prot_AQM32703.1_1,Marine_V,Marine_V
KU595536.1_prot_AQM32702.1_1,Marine_V,Marine_V
KU595535.1_prot_AQM32701.1_1,Marine_V,Marine_V
KU595534.1_prot_AQM32700.1_1,Marine_V,Marine_V
KU595533.1_prot_AQM32699.1_1,Marine_V,Marine_V
KU595532.1_prot_AQM32698.1_1,Marine_V,Marine_V
KU595531.1_prot_AQM32697.1_1,Marine_V,Marine_V
KU595530.1_prot_AQM32696.1_1,Marine_V,Marine_V
KU595529.1_prot_AQM32695.1_1,Marine_V,Marine_V
KU595528.1_prot_AQM32694.1_1,Marine_V,Marine_V
KU595527.1_prot_AQM32693.1_1,Marine_V,Marine_V
KU595526.1_prot_AQM32692.1_1,Marine_V,Marine_V
KU595525.1_prot_AQM32691.1_1,Marine_V,Marine_V
KU595524.1_prot_AQM32690.1_1,Marine_V,Marine_V
KU595523.1_prot_AQM32689.1_1,Marine_V,Marine_V
KU595522.1_prot_AQM32688.1_1,Marine_V,Marine_V
KU595521.1_prot_AQM32687.1_1,Marine_V,Marine_V
KU595520.1_prot_AQM32686.1_1,Marine_V,Marine_V
KU595519.1_prot_AQM32685.1_1,Marine_V,Marine_V
KU595518.1_prot_AQM32684.1_1,Marine_V,Marine_V
KU595517.1_prot_AQM32683.1_1,Marine_V,Marine_V
KU595516.1_prot_AQM32682.1_1,Marine_V,Marine_V
KU595515.1_prot_AQM32681.1_1,Marine_V,Marine_V
KU595514.1_prot_AQM32680.1_1,Marine_V,Marine_V
KU595513.1_prot_AQM32679.1_1,Marine_V,Marine_V
KU595512.1_prot_AQM32678.1_1,Marine_V,Marine_V
KU595511.1_prot_AQM32677.1_1,Marine_V,Marine_V
KU595510.1_prot_AQM32676.1_1,Marine_V,Marine_V
KU595509.1_prot_AQM32675.1_1,Marine_V,Marine_V
KU595508.1_prot_AQM32674.1_1,Marine_V,Marine_V
KU595507.1_prot_AQM32673.1_1,Marine_V,Marine_V
KU595506.1_prot_AQM32672.1_1,Marine_V,Marine_V
KU595505.1_prot_AQM32671.1_1,Marine_V,Marine_V
KU595504.1_prot_AQM32670.1_1,Marine_V,Marine_V
KU595503.1_prot_AQM32669.1_1,Marine_V,Marine_V
KU595502.1_prot_AQM32668.1_1,Marine_V,Marine_V
KU595501.1_prot_AQM32667.1_1,Marine_V,Marine_V
KU595500.1_prot_AQM32666.1_1,Marine_V,Marine_V
KU595499.1_prot_AQM32665.1_1,Marine_V,Marine_V
KU595498.1_prot_AQM32664.1_1,Marine_V,Marine_V
KU595497.1_prot_AQM32663.1_1,Marine_V,Marine_V
KU595496.1_prot_AQM32662.1_1,Marine_V,Marine_V
KU595495.1_prot_AQM32661.1_1,Marine_V,Marine_V
KU595494.1_prot_AQM32660.1_1,Marine_V,Marine_V
KU595493.1_prot_AQM32659.1_1,Marine_V,Marine_V
KU595492.1_prot_AQM32658.1_1,Marine_V,Marine_V
KU595491.1_prot_AQM32657.1_1,Marine_V,Marine_V
KU595490.1_prot_AQM32656.1_1,Marine_V,Marine_V
KU595489.1_prot_AQM32655.1_1,Marine_V,Marine_V
KU595488.1_prot_AQM32654.1_1,Marine_V,Marine_V
KU595487.1_prot_AQM32653.1_1,Marine_V,Marine_V
KU595486.1_prot_AQM32652.1_1,Marine_V,Marine_V
KU595485.1_prot_AQM32651.1_1,Marine_V,Marine_V
KU595484.1_prot_AQM32650.1_1,Marine_V,Marine_V
KU595483.1_prot_AQM32649.1_1,Marine_V,Marine_V
KU595482.1_prot_AQM32648.1_1,Marine_V,Marine_V
KU595481.1_prot_AQM32647.1_1,Marine_V,Marine_V
KU595480.1_prot_AQM32646.1_1,Marine_V,Marine_V
KU595479.1_prot_AQM32645.1_1,Marine_V,Marine_V
KU595478.1_prot_AQM32644.1_1,Marine_V,Marine_V
KU595477.1_prot_AQM32643.1_1,Marine_V,Marine_V
KU595476.1_prot_AQM32642.1_1,Marine_V,Marine_V
KU595475.1_prot_AQM32641.1_1,Marine_V,Marine_V
KU595474.1_prot_AQM32640.1_1,Marine_V,Marine_V
KU595473.1_prot_AQM32639.1_1,Marine_V,Marine_V
KU595472.1_prot_AQM32638.1_1,Marine_V,Marine_V
KU595471.1_prot_AQM32637.1_1,Marine_V,Marine_V
KU595470.1_prot_AQM32636.1_1,Marine_V,Marine_V
KU595469.1_prot_AQM32635.1_1,Marine_V,Marine_V
KU595468.1_prot_AQM32634.1_1,Marine_V,Marine_V
KU595467.1_prot_AQM32633.1_1,Marine_V,Marine_V
KU595466.1_prot_AQM32632.1_1,Marine_V,Marine_V
KU595465.1_prot_AQM32631.1_1,Marine_V,Marine_V
KU595464.1_prot_AQM32630.1_1,Marine_V,Marine_V
KU595463.1_prot_AQM32629.1_1,Marine_V,Marine_V
KU595462.1_prot_AQM32628.1_1,Marine_V,Marine_V
KU595461.1_prot_AQM32627.1_1,Marine_V,Marine_V
KU595460.1_prot_AQM32626.1_1,Marine_V,Marine_V
KU595459.1_prot_AQM32625.1_1,Marine_V,Marine_V
KU595458.1_prot_AQM32624.1_1,Marine_V,Marine_V
KU595457.1_prot_AQM32623.1_1,Marine_V,Marine_V
KU595456.1_prot_AQM32622.1_1,Marine_V,Marine_V
KU595455.1_prot_AQM32621.1_1,Marine_V,Marine_V
KU595454.1_prot_AQM32620.1_1,Marine_V,Marine_V
KU595453.1_prot_AQM32619.1_1,Marine_V,Marine_V
KU595452.1_prot_AQM32618.1_1,Marine_V,Marine_V
KU595451.1_prot_AQM32617.1_1,Marine_V,Marine_V
KU595450.1_prot_AQM32616.1_1,Marine_V,Marine_V
KU595449.1_prot_AQM32615.1_1,Marine_V,Marine_V
KU595448.1_prot_AQM32614.1_1,Marine_V,Marine_V
KU595447.1_prot_AQM32613.1_1,Marine_V,Marine_V
KU595446.1_prot_AQM32612.1_1,Marine_V,Marine_V
KU595445.1_prot_AQM32611.1_1,Marine_V,Marine_V
KU595444.1_prot_AQM32610.1_1,Marine_V,Marine_V
KU595443.1_prot_AQM32609.1_1,Marine_V,Marine_V
KU595442.1_prot_AQM32608.1_1,Marine_V,Marine_V
KU595441.1_prot_AQM32607.1_1,Marine_V,Marine_V
KU595440.1_prot_AQM32606.1_1,Marine_V,Marine_V
KU595439.1_prot_AQM32605.1_1,Marine_V,Marine_V
KU595438.1_prot_AQM32604.1_1,Marine_V,Marine_V
KU595437.1_prot_AQM32603.1_1,Marine_V,Marine_V
KU595436.1_prot_AQM32602.1_1,Marine_V,Marine_V
KU595435.1_prot_AQM32601.1_1,Marine_V,Marine_V
KU756932.1_prot_AMQ66423.1_2,Marine_V,Marine_V
KU756931.1_prot_AMQ66421.1_3,Marine_V,Marine_V
YP_007599768.1_GroEL_Bacteria_Proteobacteria_Gammaproteobacteria_Enterobacterales_Enterobacteriaceae_Citrobacter_Citrobacterfreundiicomplex,Bacteria,Proteobacteria
NP_001280852.1_GroEL_Eukaryota_Viridiplantae_Streptophyta_Embryophyta_Tracheophyta_Spermatophyta_Magnoliophyta_eudicotyledons_Gunneridae_Pentapetalae_rosids_fabids_Rosales_Rosaceae_Amygdaloideae_Maleae_Malus,Eukaryota,Viridiplantae
WP_100354605.1_GroEL_Bacteria_Firmicutes_Bacilli_Bacillales_Planococcaceae_Chryseomicrobium,Bacteria,Firmicutes
XP_003984170.1_GroEL_Eukaryota_Metazoa_Chordata_Craniata_Vertebrata_Euteleostomi_Mammalia_Eutheria_Laurasiatheria_Carnivora_Feliformia_Felidae_Felinae_Felis,Eukaryota,Metazoa
XP_018389717.1_GroEL_Eukaryota_Fungi_Dikarya_Ascomycota_Pezizomycotina_Dothideomycetes_Pleosporomycetidae_Pleosporales_Pleosporineae_Pleosporaceae_Alternaria_Alternariaalternatagroup,Eukaryota,Fungi
YP_009863801.1_GroEL_Eukaryota_Haptista_Haptophyta_Pavlovales_Pavlovaceae_Pavlova_unclassifiedPavlova,Eukaryota,Haptista
NP_001040108.1_GroEL_Eukaryota_Metazoa_Ecdysozoa_Arthropoda_Hexapoda_Insecta_Pterygota_Neoptera_Holometabola_Lepidoptera_Glossata_Ditrysia_Bombycoidea_Bombycidae_Bombycinae_Bombyx,Eukaryota,Metazoa
NP_001298236.1_GroEL_Eukaryota_Metazoa_Lophotrochozoa_Mollusca_Gastropoda_Heterobranchia_Euthyneura_Panpulmonata_Hygrophila_Lymnaeoidea_Planorbidae_Biomphalaria,Eukaryota,Metazoa
NP_043141.1_GroEL_Eukaryota_Glaucocystophyceae_Cyanophoraceae_Cyanophora,Eukaryota,Glaucocystophyceae
NP_043619.1_GroEL_Eukaryota_Stramenopiles_Bacillariophyta_Mediophyceae_Biddulphiophycidae_Triceratiales_Triceratiaceae_Trieres,Eukaryota,Stramenopiles
NP_045126.1_GroEL_Eukaryota_Rhodophyta_Bangiophyceae_Cyanidiales_Cyanidiaceae_Cyanidium,Eukaryota,Rhodophyta
NP_050670.1_GroEL_Eukaryota_Cryptophyta_Pyrenomonadales_Geminigeraceae_Guillardia,Eukaryota,Cryptophyta
NP_584786.1_GroEL_Eukaryota_Fungi_Fungiincertaesedis_Microsporidia_Unikaryonidae_Encephalitozoon,Eukaryota,Fungi
WP_001029966.1_GroEL_Bacteria_Spirochaetes_Leptospirales_Leptospiraceae,Bacteria,Spirochaetes
WP_001040265.1_GroEL_Bacteria_Proteobacteria_Epsilonproteobacteria_Campylobacterales_Helicobacteraceae_Helicobacter,Bacteria,Proteobacteria
WP_002513189.1_GroEL_Bacteria_Actinobacteria_Propionibacteriales_Propionibacteriaceae_Cutibacterium,Bacteria,Actinobacteria
WP_002557236.1_GroEL_Bacteria_Spirochaetes_Spirochaetales_Borreliaceae_Borreliella,Bacteria,Spirochaetes
WP_002560909.1_GroEL_Bacteria_Bacteroidetes_Bacteroidia_Bacteroidales_Bacteroidaceae,Bacteria,Bacteroidetes
WP_002564218.1_GroEL_Bacteria_Actinobacteria_Coriobacteriia_Coriobacteriales_Atopobiaceae,Bacteria,Actinobacteria
WP_002582771.1_GroEL_Bacteria_Firmicutes_Clostridia_Clostridiales_Clostridiaceae,Bacteria,Firmicutes
WP_002615259.1_GroEL_Bacteria_Proteobacteria_Deltaproteobacteria_Myxococcales_Cystobacterineae_Archangiaceae_Stigmatella,Bacteria,Proteobacteria
WP_002642047.1_GroEL_Bacteria_Proteobacteria_Betaproteobacteria_Neisseriales_Neisseriaceae_Simonsiella,Bacteria,Proteobacteria
WP_002654458.1_GroEL_Bacteria_Planctomycetes_Planctomycetia_Pirellulales_Pirellulaceae_Blastopirellula,Bacteria,Planctomycetes
WP_002661143.1_GroEL_Bacteria_Bacteroidetes_Saprospiria_Saprospirales_Saprospiraceae_Saprospira,Bacteria,Bacteroidetes
WP_002664433.1_GroEL_Bacteria_Bacteroidetes_Flavobacteriia_Flavobacteriales_Flavobacteriaceae_Bergeyella,Bacteria,Bacteroidetes
WP_002696697.1_GroEL_Bacteria_Bacteroidetes_Cytophagia_Cytophagales_Microscillaceae_Microscilla,Bacteria,Bacteroidetes
WP_002712413.1_GroEL_Bacteria_Proteobacteria_Alphaproteobacteria_Rhizobiales_Bradyrhizobiaceae_Afipia,Bacteria,Proteobacteria
WP_002737038.1_GroEL_Bacteria_Cyanobacteria_Oscillatoriophycideae_Chroococcales_Microcystaceae_Microcystis,Bacteria,Cyanobacteria
WP_002805622.1_GroEL_Bacteria_Cyanobacteria_Synechococcales_Prochloraceae_Prochlorococcus,Bacteria,Cyanobacteria
WP_002836579.1_GroEL_Bacteria_Firmicutes_Tissierellia_Tissierellales_Peptoniphilaceae_Finegoldia,Bacteria,Firmicutes
WP_002857446.1_GroEL_Bacteria_Actinobacteria_Micrococcales_Micrococcaceae_Micrococcus,Bacteria,Actinobacteria
WP_002997806.1_GroEL_Bacteria_Bacteroidetes_Sphingobacteriia_Sphingobacteriales_Sphingobacteriaceae_Sphingobacterium,Bacteria,Bacteroidetes
WP_003085442.1_GroEL_Bacteria_Actinobacteria_Pseudonocardiales_Pseudonocardiaceae,Bacteria,Actinobacteria
WP_003536029.1_GroEL_Bacteria_Firmicutes_Erysipelotrichia_Erysipelotrichales,Bacteria,Firmicutes
WP_003782269.1_GroEL_Bacteria_Actinobacteria_Actinomycetales_Actinomycetaceae_Actinomyces,Bacteria,Actinobacteria
WP_003808693.1_GroEL_Bacteria_Actinobacteria_Bifidobacteriales_Bifidobacteriaceae_Bifidobacterium,Bacteria,Actinobacteria
WP_003847732.1_GroEL_Bacteria_Actinobacteria_Corynebacteriales_Corynebacteriaceae_Corynebacterium,Bacteria,Actinobacteria
WP_003948572.1_GroEL_Bacteria_Actinobacteria_Streptomycetales_Streptomycetaceae,Bacteria,Actinobacteria
WP_004081434.1_GroEL_Bacteria_Thermotogae_Thermotogales_Thermotogaceae_Thermotoga,Bacteria,Thermotogae
WP_004094726.1_GroEL_Bacteria_Firmicutes_Negativicutes_Selenomonadales_Sporomusaceae_Acetonema,Bacteria,Firmicutes
WP_004995093.1_GroEL_Bacteria_Tenericutes_Mollicutes_Acholeplasmatales_Acholeplasmataceae_CandidatusPhytoplasma,Bacteria,Tenericutes
WP_005005737.1_GroEL_Bacteria_Nitrospinae,Bacteria,Nitrospinae/
WP_005033410.1_GroEL_Bacteria_Acidobacteria_Holophagae_Holophagales_Holophagaceae_Holophaga,Bacteria,Acidobacteria
WP_005164277.1_GroEL_Bacteria_Actinobacteria,Bacteria,Actinobacteria
WP_005661620.1_GroEL_Bacteria_Synergistetes_Synergistia_Synergistales_Synergistaceae_Dethiosulfovibrio,Bacteria,Synergistetes
WP_005900566.1_GroEL_Bacteria_Fusobacteria_Fusobacteriales_Fusobacteriaceae,Bacteria,Fusobacteria
WP_006278400.1_GroEL_Bacteria_Cyanobacteria_Nostocales_Aphanizomenonaceae_Cylindrospermopsis,Bacteria,Cyanobacteria
WP_006340603.1_GroEL_Bacteria_Chlamydiae_Parachlamydiales_Parachlamydiaceae_Parachlamydia,Bacteria,Chlamydiae
WP_006510424.1_GroEL_Bacteria_Cyanobacteria_Pleurocapsales_Xenococcaceae_Xenococcus_unclassifiedXenococcus,Bacteria,Cyanobacteria
WP_006541098.1_GroEL_Bacteria_Actinobacteria_Frankiales_Frankiaceae_Frankia_unclassifiedFrankia,Bacteria,Actinobacteria
WP_006561825.1_GroEL_Bacteria_Chloroflexi_Chloroflexia_Chloroflexales_Chloroflexineae_Oscillochloridaceae_Oscillochloris,Bacteria,Chloroflexi
WP_006927109.1_GroEL_Bacteria_Calditrichaeota_Calditrichae_Calditrichales_Calditrichaceae_Caldithrix,Bacteria,Calditrichaeota
WP_006982512.1_GroEL_Bacteria_Verrucomicrobia_Spartobacteria_Chthoniobacterales_Chthoniobacteraceae_Chthoniobacter,Bacteria,Verrucomicrobia
WP_007072942.1_GroEL_Bacteria_Actinobacteria_Micromonosporales_Micromonosporaceae_Micromonospora_unclassifiedMicromonospora,Bacteria,Actinobacteria
WP_007220227.1_GroEL_Bacteria_Planctomycetes_CandidatusBrocadiae_CandidatusBrocadiales_CandidatusBrocadiaceae_CandidatusJettenia,Bacteria,Planctomycetes
WP_007279303.1_GroEL_Bacteria_Lentisphaerae_Lentisphaeria_Lentisphaerales_Lentisphaeraceae_Lentisphaera,Bacteria,Lentisphaerae
WP_007359924.1_GroEL_Bacteria_Verrucomicrobia_Opitutae_Opitutales_Opitutaceae,Bacteria,Verrucomicrobia
WP_007414213.1_GroEL_Bacteria_Verrucomicrobia_Verrucomicrobiae_Verrucomicrobiales_Verrucomicrobiasubdivision3_Pedosphaera,Bacteria,Verrucomicrobia
WP_007907685.1_GroEL_Bacteria_Chloroflexi_Ktedonobacteria_Ktedonobacterales_Ktedonobacteraceae_Ktedonobacter,Bacteria,Chloroflexi
WP_008285820.1_GroEL_Bacteria_Aquificae_Aquificales_Aquificaceae_Hydrogenivirga_unclassifiedHydrogenivirga,Bacteria,Aquificae
WP_008477351.1_GroEL_Bacteria_Chloroflexi_Sphaerobacteridae_Sphaerobacterales_Sphaerobacterineae_Sphaerobacteraceae_Nitrolancea,Bacteria,Chloroflexi
WP_008630425.1_GroEL_Bacteria_Deinococcus_Thermus_Deinococci_Thermales_Thermaceae,Bacteria,Deinococcus_Thermus
WP_008826505.1_GroEL_Bacteria_Haloplasmatales_Haloplasmataceae_Haloplasma,Bacteria,Haloplasmatales
WP_009217784.1_GroEL_Bacteria_Bacteroidetes,Bacteria,Bacteroidetes
WP_009851802.1_GroEL_Bacteria_Proteobacteria_Zetaproteobacteria_Mariprofundales_Mariprofundaceae_Mariprofundus,Bacteria,Proteobacteria
WP_009871457.1_GroEL_Bacteria_Chlamydiae_Chlamydiales_Chlamydiaceae_Chlamydia,Bacteria,Chlamydiae
WP_010932217.1_GroEL_Bacteria_Chlorobi_Chlorobia_Chlorobiales_Chlorobiaceae_Chlorobaculum,Bacteria,Chlorobi
WP_010937113.1_GroEL_Bacteria_Chloroflexi_Dehalococcoidia_Dehalococcoidales_Dehalococcoidaceae_Dehalococcoides,Bacteria,Chloroflexi
WP_011141029.1_GroEL_Bacteria_Cyanobacteria_Gloeobacteria_Gloeobacterales_Gloeobacteraceae_Gloeobacter,Bacteria,Cyanobacteria
WP_011162718.1_GroEL_Bacteria_Proteobacteria_Oligoflexia_Bdellovibrionales_Bdellovibrionaceae_Bdellovibrio,Bacteria,Proteobacteria
WP_011290675.1_GroEL_Bacteria_Actinobacteria_Streptosporangiales_Nocardiopsaceae_Thermobifida,Bacteria,Actinobacteria
WP_011403016.1_GroEL_Bacteria_Bacteroidetes_BacteroidetesOrderII.Incertaesedis_Rhodothermaceae_Salinibacter,Bacteria,Bacteroidetes
WP_011521902.1_GroEL_Bacteria_Acidobacteria_Acidobacteriales_Acidobacteriaceae_CandidatusKoribacter,Bacteria,Acidobacteria
WP_011688391.1_GroEL_Bacteria_Acidobacteria_Bryobacterales_Solibacteraceae_CandidatusSolibacter,Bacteria,Acidobacteria
WP_011718941.1_GroEL_Bacteria_Actinobacteria_Acidothermales_Acidothermaceae_Acidothermus,Bacteria,Actinobacteria
WP_012084927.1_GroEL_Bacteria_Actinobacteria_Kineosporiales_Kineosporiaceae_Kineococcus,Bacteria,Actinobacteria
WP_012208977.1_GroEL_Bacteria_Thermotogae_Petrotogales_Petrotogaceae,Bacteria,Thermotogae
WP_012223986.1_GroEL_Bacteria_Actinobacteria_Acidimicrobiia_Acidimicrobiales_Microthrixaceae_CandidatusMicrothrix,Bacteria,Actinobacteria
WP_012415092.1_GroEL_Bacteria_Elusimicrobia_Elusimicrobia_Elusimicrobiales_Elusimicrobiaceae_Elusimicrobium,Bacteria,Elusimicrobia
WP_012536194.1_GroEL_Bacteria_Proteobacteria_Acidithiobacillia_Acidithiobacillales_Acidithiobacillaceae_Acidithiobacillus,Bacteria,Proteobacteria
WP_012544191.1_GroEL_Bacteria_Coprothermobacterota_Coprothermobacteria_Coprothermobacterales_Coprothermobacteraceae_Coprothermobacter,Bacteria,Coprothermobacterota
WP_012545192.1_GroEL_Bacteria_Nitrospirae_Nitrospirales_Nitrospiraceae_Thermodesulfovibrio,Bacteria,Nitrospirae
WP_012547084.1_GroEL_Bacteria_Dictyoglomi_Dictyoglomales_Dictyoglomaceae_Dictyoglomus,Bacteria,Dictyoglomi
WP_012669719.1_GroEL_Bacteria_Spirochaetes_Brachyspirales_Brachyspiraceae,Bacteria,Spirochaetes
WP_012683025.1_GroEL_Bacteria_Gemmatimonadetes_Gemmatimonadales_Gemmatimonadaceae_Gemmatimonas,Bacteria,Gemmatimonadetes
WP_012785230.1_GroEL_Bacteria_Actinobacteria_Catenulisporales_Catenulisporaceae_Catenulispora,Bacteria,Actinobacteria
WP_012819906.1_GroEL_Bacteria_Fibrobacteres_Fibrobacterales_Fibrobacteraceae,Bacteria,Fibrobacteres
WP_012874516.1_GroEL_Bacteria_Thermobaculum,Bacteria,Thermobaculum
WP_012937264.1_GroEL_Bacteria_Actinobacteria_Thermoleophilia_Solirubrobacterales_Conexibacteraceae_Conexibacter,Bacteria,Actinobacteria
WP_012946989.1_GroEL_Bacteria_Actinobacteria_Geodermatophilales_Geodermatophilaceae_Geodermatophilus,Bacteria,Actinobacteria
WP_013006999.1_GroEL_Bacteria_Deferribacteres_Deferribacterales_Deferribacteraceae_Deferribacter,Bacteria,Deferribacteres
WP_013016368.1_GroEL_Bacteria_Actinobacteria_Glycomycetales_Glycomycetaceae_Stackebrandtia,Bacteria,Actinobacteria
WP_013130879.1_GroEL_Bacteria_Actinobacteria_Actinobacteriaincertaesedis_Thermobispora,Bacteria,Actinobacteria
WP_013505376.1_GroEL_Bacteria_Chrysiogenetes_Chrysiogenales_Chrysiogenaceae_Desulfurispirillum,Bacteria,Chrysiogenetes
WP_013537971.1_GroEL_Bacteria_Aquificae_Desulfurobacteriales_Desulfurobacteriaceae_Thermovibrio,Bacteria,Aquificae
WP_013561045.1_GroEL_Bacteria_Chloroflexi_Anaerolineae_Anaerolineales_Anaerolineaceae_Anaerolinea,Bacteria,Chloroflexi
WP_013907993.1_GroEL_Bacteria_Thermodesulfobacteria_Thermodesulfobacteriales_Thermodesulfobacteriaceae_Thermodesulfatator,Bacteria,Thermodesulfobacteria
WP_013974091.1_GroEL_Bacteria_Proteobacteria,Bacteria,Proteobacteria
WP_014100310.1_GroEL_Bacteria_Acidobacteria_Blastocatellia_Chloracidobacterium,Bacteria,Acidobacteria
WP_014431940.1_GroEL_Bacteria_Chloroflexi_Caldilineae_Caldilineales_Caldilineaceae_Caldilinea,Bacteria,Chloroflexi
WP_014437359.1_GroEL_Bacteria_Planctomycetes_Phycisphaerae_Phycisphaerales_Phycisphaeraceae_Phycisphaera,Bacteria,Planctomycetes
WP_014453748.1_GroEL_Bacteria_Caldiserica,Bacteria,Caldiserica
WP_014561033.1_GroEL_Bacteria_Ignavibacteriae_Ignavibacteria_Ignavibacteriales_Ignavibacteriaceae_Ignavibacterium,Bacteria,Ignavibacteriae
WP_015079668.1_GroEL_Bacteria_Cyanobacteria,Bacteria,Cyanobacteria
WP_015152570.1_GroEL_Bacteria_Cyanobacteria_Chroococcidiopsidales_Chroococcidiopsidaceae_Chroococcidiopsis,Bacteria,Cyanobacteria
WP_015423681.1_GroEL_Bacteria_Elusimicrobia_Endomicrobia_Endomicrobiales_Endomicrobiaceae_Endomicrobium,Bacteria,Elusimicrobia
WP_015746528.1_GroEL_Bacteria_Actinobacteria_Nakamurellales_Nakamurellaceae_Nakamurella,Bacteria,Actinobacteria
WP_015868962.1_GroEL_Bacteria_Thermotogae_Kosmotogales_Kosmotogaceae,Bacteria,Thermotogae
WP_015922620.1_GroEL_Bacteria_Chloroflexi_Thermomicrobiales_Thermomicrobiaceae_Thermomicrobium,Bacteria,Chloroflexi
WP_016481918.1_GroEL_Bacteria_Armatimonadetes_Chthonomonadetes_Chthonomonadales_Chthonomonadaceae_Chthonomonas,Bacteria,Armatimonadetes
WP_017303097.1_GroEL_Bacteria_Cyanobacteria_Spirulinales_Spirulinaceae_Spirulina,Bacteria,Cyanobacteria
WP_017976719.1_GroEL_Bacteria_Actinobacteria_Actinopolysporales_Actinopolysporaceae_Actinopolyspora,Bacteria,Actinobacteria
WP_018127045.1_GroEL_Bacteria_Balneolaeota_Balneolia_Balneolales_Balneolaceae_Balneola,Bacteria,Balneolaeota
WP_018611460.1_GroEL_Bacteria_Bacteroidetes_Chitinophagia_Chitinophagales_Chitinophagaceae_Segetibacter,Bacteria,Bacteroidetes
WP_019874874.1_GroEL_Bacteria_Actinobacteria_Sporichthyales_Sporichthyaceae_Sporichthya,Bacteria,Actinobacteria
WP_021865023.1_GroEL_Bacteria_CandidatusMelainabacteria_CandidatusGastranaerophilales,Bacteria,CandidatusMelainabacteria
WP_022304717.1_GroEL_Bacteria_Firmicutes,Bacteria,Firmicutes
WP_022636063.1_GroEL_Bacteria_Fibrobacteres_Chitinivibrionia_Chitinivibrionales_Chitinivibrionaceae_Chitinivibrio,Bacteria,Fibrobacteres
WP_022803415.1_GroEL_Bacteria_CandidatusKryptonia_CandidatusThermokryptus,Bacteria,CandidatusKryptonia
WP_023792844.1_GroEL_Bacteria_CandidatusDependentiae_CandidatusBabeliae_CandidatusBabeliales_CandidatusBabeliaceae_CandidatusBabela,Bacteria,CandidatusDependentiae
WP_024808282.1_GroEL_Bacteria_Verrucomicrobia_unclassifiedVerrucomicrobia,Bacteria,Verrucomicrobia
WP_025228259.1_GroEL_Bacteria_Armatimonadetes_Fimbriimonadia_Fimbriimonadales_Fimbriimonadaceae_Fimbriimonas,Bacteria,Armatimonadetes
WP_026877428.1_GroEL_Bacteria_Actinobacteria_Jiangellales_Jiangellaceae_Jiangella,Bacteria,Actinobacteria
WP_028874677.1_GroEL_Bacteria_Proteobacteria_Hydrogenophilalia_Hydrogenophilales_Hydrogenophilaceae_Tepidiphilus,Bacteria,Proteobacteria
WP_035848202.1_GroEL_Bacteria_Actinobacteria_Cryptosporangiales_Cryptosporangiaceae_Cryptosporangium,Bacteria,Actinobacteria
WP_036224104.1_GroEL_Bacteria_Thermotogae_Mesoaciditogales_Mesoaciditogaceae_Mesoaciditoga,Bacteria,Thermotogae
WP_038039210.1_GroEL_Bacteria_Chloroflexi_Thermorudis,Bacteria,Chloroflexi
WP_038047744.1_GroEL_Bacteria_Acidobacteria_Thermoanaerobaculia_Thermoanaerobaculales_Thermoanaerobaculaceae_Thermoanaerobaculum,Bacteria,Acidobacteria
WP_038680744.1_GroEL_Bacteria_Actinobacteria_Rubrobacteria_Rubrobacterales_Rubrobacteraceae_Rubrobacter,Bacteria,Actinobacteria
WP_039720846.1_GroEL_Bacteria_Verrucomicrobia_Methylacidiphilae_Methylacidiphilales_Methylacidiphilaceae_Methylacidiphilum,Bacteria,Verrucomicrobia
WP_044279089.1_GroEL_Bacteria_CandidatusCloacimonetes_CandidatusCloacimonas,Bacteria,CandidatusCloacimonetes
WP_052664334.1_GroEL_Bacteria_Actinobacteria_Nitriliruptoria_Nitriliruptorales_Nitriliruptoraceae_Nitriliruptor,Bacteria,Actinobacteria
WP_052881966.1_GroEL_Bacteria_Kiritimatiellaeota_Kiritimatiellae_Kiritimatiellales_Kiritimatiellaceae_Kiritimatiella,Bacteria,Kiritimatiellaeota
WP_054492017.1_GroEL_Bacteria_Chloroflexi_Ardenticatenia_Ardenticatenales_Ardenticatenaceae_Ardenticatena,Bacteria,Chloroflexi
WP_068136145.1_GroEL_Bacteria_Firmicutes_Limnochordia_Limnochordales_Limnochordaceae_Limnochorda,Bacteria,Firmicutes
WP_071453450.1_GroEL_Bacteria_Cyanobacteria_Gloeoemargaritales_Gloeomargaritaceae_Gloeomargarita,Bacteria,Cyanobacteria
WP_072150207.1_GroEL_Bacteria_CandidatusKryptonia_CandidatusKryptobacter,Bacteria,CandidatusKryptonia
WP_072515067.1_GroEL_Bacteria_Firmicutes_Ndongobacter,Bacteria,Firmicutes
WP_075426339.1_GroEL_Bacteria_CandidatusKryptonia_CandidatusKryptonium,Bacteria,CandidatusKryptonia
WP_085051272.1_GroEL_Bacteria_Nitrospirae,Bacteria,Nitrospirae
WP_088571187.1_GroEL_Bacteria_Chloroflexi_Thermoflexia_Thermoflexales_Thermoflexaceae_Thermoflexus,Bacteria,Chloroflexi
WP_089718142.1_GroEL_Bacteria_Nitrospinae,Bacteria,Nitrospinae
WP_090598567.1_GroEL_Bacteria_CandidatusAtribacteria,Bacteria,CandidatusAtribacteria
WP_092317082.1_GroEL_Bacteria_Spirochaetes_Brevinematales_Brevinemataceae_Brevinema,Bacteria,Spirochaetes
WP_092350644.1_GroEL_Bacteria_CandidatusKryptonia_CandidatusChrysopegis,Bacteria,CandidatusKryptonia
WP_094547259.1_GroEL_Bacteria_Rhodothermaeota_Rhodothermia_Rhodothermales_Rubricoccaceae_Rubricoccus,Bacteria,Rhodothermaeota
WP_095164020.1_GroEL_Bacteria,Bacteria,Unclassified
WP_095680266.1_GroEL_Bacteria_Actinobacteria_CandidatusNanopelagicales_CandidatusNanopelagicaceae_CandidatusNanopelagicus,Bacteria,Actinobacteria
WP_105483149.1_GroEL_Bacteria_Abditibacteriota_Abditibacteria_Abditibacteriales_Abitibacteriaceae_Abditibacterium,Bacteria,Abditibacteriota
WP_106700588.1_GroEL_Bacteria_Tenericutes_unclassifiedTenericutes,Bacteria,Tenericutes
WP_107560915.1_GroEL_Bacteria_candidatedivisionNC10_CandidatusMethylomirabilis,Bacteria,candidatedivisionNC10
WP_110172588.1_GroEL_Bacteria_Acidobacteria_Vicinamibacteria_Vicinamibacteraceae_Luteitalea,Bacteria,Acidobacteria
WP_114450980.1_GroEL_Bacteria_Actinobacteria_Halopolyspora,Bacteria,Actinobacteria
WP_114984743.1_GroEL_Bacteria_Balneolaeota_unclassifiedBalneolaeota_CandidatusCyclonatronum,Bacteria,Balneolaeota
WP_115585908.1_GroEL_Bacteria_CandidatusDependentiae,Bacteria,CandidatusDependentiae
WP_119084825.1_GroEL_Bacteria_Caldiserica,Bacteria,Caldiserica/Cryosericotagroup
WP_119322418.1_GroEL_Bacteria_Armatimonadetes_Armatimonadia_Capsulimonadales_Capsulimonadaceae_Capsulimonas,Bacteria,Armatimonadetes
WP_122031435.1_GroEL_Bacteria_CandidatusBipolaricaulota_CandidatusBipolaricaulis,Bacteria,CandidatusBipolaricaulota
WP_128699731.1_GroEL_Bacteria_Vampirococcus_unclassifiedVampirococcus,Bacteria,Vampirococcus
WP_129163559.1_GroEL_Bacteria_CandidatusMarinimicrobia,Bacteria,CandidatusMarinimicrobia
WP_132014739.1_GroEL_Bacteria_Firmicutes_Hydrogenispora,Bacteria,Firmicutes
WP_133200636.1_GroEL_Bacteria_CandidatusCloacimonetes_CandidatusSyntrophosphaera,Bacteria,CandidatusCloacimonetes
WP_135480309.1_GroEL_Bacteria_Natronospirillum,Bacteria,Natronospirillum
WP_144104388.1_GroEL_Bacteria_CandidatusMelainabacteria_unclassifiedCandidatusMelainabacteria,Bacteria,CandidatusMelainabacteria
WP_145062562.1_GroEL_Bacteria_Planctomycetes,Bacteria,Planctomycetes
WP_146476062.1_GroEL_Bacteria_CandidatusSaccharibacteria,Bacteria,CandidatusSaccharibacteria
WP_146668386.1_GroEL_Bacteria_Armatimonadetes,Bacteria,Armatimonadetes
WP_150164440.1_GroEL_Bacteria_Acidobacteria,Bacteria,Acidobacteria
WP_153899087.1_GroEL_Bacteria_CandidatusMargulisbacteria_CandidatusMarinamargulisbacteria,Bacteria,CandidatusMargulisbacteria
WP_158066756.1_GroEL_Bacteria_Chloroflexi_Tepidiformia_Tepidiformales_Tepidiformaceae_Tepidiforma,Bacteria,Chloroflexi
WP_160629402.1_GroEL_Bacteria_Kiritimatiellaeota_unclassifiedKiritimatiellaeota,Bacteria,Kiritimatiellaeota
WP_160718967.1_GroEL_Bacteria_Isachenkonia,Bacteria,Isachenkonia/36_186
WP_161931611.1_GroEL_Bacteria_unclassifiedMicrogenomatesgroup_CandidatusChazhemtobacteraceae_CandidatusChazhemtobacterium,Bacteria,unclassifiedMicrogenomatesgroup
WP_169238599.1_GroEL_Bacteria_Chloroflexi_CandidatusThermofonsia_CandidatusThermofonsiaClade3_CandidatusRoseilinea_unclassifiedCandidatusRoseilinea,Bacteria,Chloroflexi
WP_170037704.1_GroEL_Bacteria_Gemmatimonadetes_Longimicrobia_Longimicrobiales_Longimicrobiaceae_Longimicrobium,Bacteria,Gemmatimonadetes
WP_171135294.1_GroEL_Bacteria_CandidatusEremiobacteraeota_unclassifiedCandidatusEremiobacteraeota,Bacteria,CandidatusEremiobacteraeota
WP_174635746.1_GroEL_Bacteria_Chloroflexi,Bacteria,Chloroflexi
WP_176805315.1_GroEL_Bacteria_CandidatusRiflebacteria,Bacteria,CandidatusRiflebacteria
WP_177517198.1_GroEL_Bacteria_Spirochaetes,Bacteria,Spirochaetes
WP_178092110.1_GroEL_Bacteria_Verrucomicrobia_Verrucomicrobiaincertaesedis_Lentimonas,Bacteria,Verrucomicrobia
WP_178603193.1_GroEL_Bacteria_CandidatusBipolaricaulota,Bacteria,CandidatusBipolaricaulota
XP_001026371.1_GroEL_Eukaryota_Alveolata_Ciliophora_Intramacronucleata_Oligohymenophorea_Hymenostomatida_Tetrahymenina_Tetrahymenidae_Tetrahymena,Eukaryota,Alveolata
XP_001304937.1_GroEL_Eukaryota_Parabasalia_Trichomonadida_Trichomonadidae_Trichomonas,Eukaryota,Parabasalia
XP_001418926.1_GroEL_Eukaryota_Viridiplantae_Chlorophyta_Mamiellophyceae_Mamiellales_Bathycoccaceae_Ostreococcus_unclassifiedOstreococcus,Eukaryota,Viridiplantae
XP_001563292.1_GroEL_Eukaryota_Euglenozoa_Kinetoplastida_Trypanosomatidae_Leishmaniinae_Leishmania_Leishmaniabraziliensisspeciescomplex,Eukaryota,Euglenozoa
XP_001627081.1_GroEL_Eukaryota_Metazoa_Cnidaria_Anthozoa_Hexacorallia_Actiniaria_Edwardsiidae_Nematostella,Eukaryota,Metazoa
XP_001704730.1_GroEL_Eukaryota_Diplomonadida_Hexamitidae_Giardiinae_Giardia,Eukaryota,Diplomonadida
XP_001712532.1_GroEL_Eukaryota_Cryptophyta_Cryptomonadales_Hemiselmidaceae_Hemiselmis,Eukaryota,Cryptophyta
XP_001712816.1_GroEL_Eukaryota_Rhizaria_Cercozoa_Chlorarachniophyceae_Bigelowiella,Eukaryota,Rhizaria
XP_001742752.1_GroEL_Eukaryota_Choanoflagellida_Craspedida_Salpingoecidae_Monosiga,Eukaryota,Choanoflagellida
XP_002064505.1_GroEL_Eukaryota_Metazoa_Arthropoda_Hexapoda_Insecta_Pterygota_Neoptera_Endopterygota_Diptera_Brachycera_Muscomorpha_Ephydroidea_Drosophilidae_Drosophila_Sophophora,Eukaryota,Metazoa
XP_002110795.1_GroEL_Eukaryota_Metazoa_Placozoa_Trichoplax,Eukaryota,Metazoa
XP_002258963.1_GroEL_Eukaryota_Alveolata_Apicomplexa_Aconoidasida_Haemosporida_Plasmodiidae_Plasmodium_Plasmodium,Eukaryota,Alveolata
XP_002680589.1_GroEL_Eukaryota_Heterolobosea_Schizopyrenida_Vahlkampfiidae_Naegleria,Eukaryota,Heterolobosea
XP_002739423.1_GroEL_Eukaryota_Metazoa_Hemichordata_Enteropneusta_Harrimaniidae_Saccoglossus,Eukaryota,Metazoa
XP_002764689.1_GroEL_Eukaryota_Alveolata_Perkinsea_Perkinsida_Perkinsidae_Perkinsus,Eukaryota,Alveolata
XP_003072749.1_GroEL_Eukaryota_Fungi_Microsporidia_Unikaryonidae_Encephalitozoon,Eukaryota,Fungi
XP_003285880.1_GroEL_Eukaryota_Amoebozoa_Mycetozoa_Dictyosteliida_Dictyostelium,Eukaryota,Amoebozoa
XP_003386088.1_GroEL_Eukaryota_Metazoa_Porifera_Demospongiae_Heteroscleromorpha_Haplosclerida_Niphatidae_Amphimedon,Eukaryota,Metazoa
XP_004338977.1_GroEL_Eukaryota_Amoebozoa_Discosea_Longamoebia_Centramoebida_Acanthamoebidae_Acanthamoeba,Eukaryota,Amoebozoa
XP_004345443.1_GroEL_Eukaryota_Filasterea_Capsaspora,Eukaryota,Filasterea
XP_006677059.1_GroEL_Eukaryota_Fungi_Chytridiomycota_Chytridiomycetes_Rhizophydiales_Rhizophydialesincertaesedis_Batrachochytrium,Eukaryota,Fungi
XP_009493058.1_GroEL_Eukaryota_NucleariidaeandFonticulagroup_Fonticula,Eukaryota,NucleariidaeandFonticulagroup
XP_009517844.1_GroEL_Eukaryota_Stramenopiles_Oomycetes_Peronosporales_Phytophthora,Eukaryota,Stramenopiles
XP_011426919.1_GroEL_Eukaryota_Metazoa_Spiralia_Lophotrochozoa_Mollusca_Bivalvia_Pteriomorphia_Ostreoida_Ostreoidea_Ostreidae_Crassostrea,Eukaryota,Metazoa
XP_012894442.1_GroEL_Eukaryota_Stramenopiles_Blastocystis,Eukaryota,Stramenopiles
XP_013752859.1_GroEL_Eukaryota_Apusozoa_Apusomonadidae_Thecamonas,Eukaryota,Apusozoa
XP_014152515.1_GroEL_Eukaryota_Ichthyosporea_Ichthyophonida_Sphaeroforma,Eukaryota,Ichthyosporea
XP_022111298.1_GroEL_Eukaryota_Metazoa_Echinodermata_Eleutherozoa_Asterozoa_Asteroidea_Valvatacea_Valvatida_Acanthasteridae_Acanthaster,Eukaryota,Metazoa
XP_023471135.1_GroEL_Eukaryota_Fungi_Mucoromycota_Mucoromycotina_Mucorales_Mucorineae_Rhizopodaceae_Rhizopus,Eukaryota,Fungi
XP_652436.1_GroEL_Eukaryota_Amoebozoa_Archamoebae_Entamoebidae_Entamoeba,Eukaryota,Amoebozoa
YP_001936323.1_GroEL_Eukaryota_Stramenopiles_Raphidophyceae_Chattonellales_Chattonellaceae_Heterosigma,Eukaryota,Stramenopiles
YP_002327574.1_GroEL_Eukaryota_Stramenopiles_PXclade_Xanthophyceae_Vaucheriales_Vaucheriaceae_Vaucheria,Eukaryota,Stramenopiles
YP_003002040.1_GroEL_Eukaryota_Stramenopiles_Pelagophyceae_Pelagomonadales_Aureococcus,Eukaryota,Stramenopiles
YP_003734648.1_GroEL_Eukaryota_Alveolata_Dinophyceae_Peridiniales_Peridiniaceae_Kryptoperidinium,Eukaryota,Alveolata
YP_005088645.1_GroEL_Eukaryota_Haptophyceae_Phaeocystales_Phaeocystaceae_Phaeocystis,Eukaryota,Haptophyceae
YP_007627330.1_GroEL_Eukaryota_Rhodophyta_Florideophyceae_Rhodymeniophycidae_Gigartinales_Gigartinaceae_Chondrus,Eukaryota,Rhodophyta
YP_009163647.1_GroEL_Eukaryota_Stramenopiles_Synurophyceae_Parmales_Triparmaceae_Triparma,Eukaryota,Stramenopiles
YP_009296795.1_GroEL_Eukaryota_Rhodophyta_Stylonematophyceae_Stylonematales_Stylonemataceae_Bangiopsis,Eukaryota,Rhodophyta
YP_009297455.1_GroEL_Eukaryota_Rhodophyta_Compsopogonophyceae_Erythropeltidales_Erythrotrichiaceae_Erythrotrichia,Eukaryota,Rhodophyta
YP_009370350.1_GroEL_Eukaryota_Rhodophyta_Rhodellophyceae_Dixoniellales_Dixoniellaceae_Bulboplastis,Eukaryota,Rhodophyta
YP_009459293.1_GroEL_Eukaryota_Haptophyceae_Prymnesiales_Chrysochromulinaceae_Chrysochromulina,Eukaryota,Haptophyceae
YP_009496837.1_GroEL_Eukaryota_Sar_Stramenopiles_Ochrophyta_Bacillariophyta_Mediophyceae_Biddulphiophycidae_Eupodiscales_Odontellaceae_Pseudictyota,Eukaryota,Sar
YP_009545931.1_GroEL_Eukaryota_Glaucocystophyceae_Glaucocystales_Glaucocystaceae_Glaucocystis,Eukaryota,Glaucocystophyceae
YP_009546209.1_GroEL_Eukaryota_Glaucocystophyceae_Gloeochaetales_Gloeochaetaceae_Gloeochaete,Eukaryota,Glaucocystophyceae
YP_277332.1_GroEL_Eukaryota_Haptophyceae_Isochrysidales_Noelaerhabdaceae_Emiliania,Eukaryota,Haptophyceae